article_id;campaign_name;id_promocion
KQ6512;AFC 3 JSY;1
JZ3160;AFC A JSY;1
KB9947;AFC H JSY Y;1
JZ3168;AFC H JSY;1
KQ6514;FCB 3 JSY AU;1
KQ6515;FCB 3 JSY;1
JZ3094;FCB 3 JSY Y;1
JZ3068;FCB A JSY AU;1
JZ3069;FCB A JSY;1
JZ3077;FCB A JSY W;1
JZ3097;FCB A JSY Y;1
JZ3098;FCB H JSY Y;1
JZ3070;FCB H JSY AU;1
JZ3088;FCB H JSY W;1
KQ6513;FCB H JSY;1
KT3405;FCB MET BOTTLE;1
KQ6516;FCB WIESN JSY;1
KR4647;JUVE A JSY;1
KC2297;JUVE 3 JSY;1
KB8836;JUVE H JSY Y;1
KC2285;JUVE H JSY;1
KA6855;LFC 3 JSY;1
KB8284;LFC 3 JSY Y;1
KA6860;LFC A JSY;1
KB8298;LFC A JSY W;1
KB8302;LFC A JSY Y;1
KQ5150;LFC GYMSACK;1
KQ5139;LFC BB CAP;1
KQ5141;LFC KIDS CAP;1
KQ5145;LFC BACKPACK;1
KB8255;LFC H JSY Y;1
KA6851;LFC H JSY AU;1
KA6852;LFC H JSY;1
KA6854;LFC H SHO;1
KB8256;LFC H JSY W;1
KG2901;LFC OG2 TT;1
KG2902;LFC OG2 TP;1
KG2903;LFC OG2 TEE;1
KG2904;LFC OG2 HD;1
KA6876;MUFC 3 JSY;1
KA6861;MUFC A JSY;1
KC4796;MUFC H JSY Y;1
KA6871;MUFC H JSY;1
IA7520;REAL 3 JSY;1
KQ6946;REAL 3 JSY AU;1
KC3966;REAL 3 JSY Y;1
JZ7205;REAL A JSY;1
JZ7219;REAL A JSY AU;1
KC3990;REAL A JSY W;1
KC3991;REAL A JSY Y;1
JZ7211;REAL A SHO;1
KG2944;REAL DNA TEE;1
KG2950;REAL DNA TT;1
KG2951;REAL DNA PNT;1
KG2976;REAL EQT TP;1
KG2982;REAL EQT JSY;1
KG5373;REAL EQT TT;1
KG5375;REAL EQT TEE;1
KQ7906;REAL GYMSACK;1
KR2798;REAL GYMSACK;1
KS8121;REAL BUCKET;1
KQ9573;REAL BB CAP;1
KQ9575;REAL BB CAP;1
KQ9823;REAL SCARF;1
KR2462;REAL KIDS CAP;1
KR2465;REAL BACKPACK;1
KR7557;REAL KIDS BP;1
KR7558;REAL KIDS BP;1
JZ7206;REAL H JSY;1
JZ7214;REAL H SHO;1
JZ7218;REAL H JSY AU;1
KC3946;REAL H MINI;1
KC3948;REAL H BABY;1
KC3949;REAL H SHO Y;1
KC3993;REAL H JSY Y;1
KC3956;REAL H Y KIT;1
KC3988;REAL H GK JSY;1
KC3989;REAL H JSY W;1
KE5124;RM MINI HOME;1
KX4250;RM CLB HOME;1
KE5125;RM CLB HOME;1
KG2956;REAL ST TT;1
KG2959;REAL ST TP;1
KG2960;REAL ST JSY;1
KG2974;REAL OG2 HD;1
KG2971;REAL OG2 TT;1
KG1351;REAL A PRESHI;1
KB6339;REAL TR JSY;1
KB6343;REAL TR TOP;1
KB6383;REAL POLO;1
KB6393;REAL TR PNT;1
KS4643;REAL TK SUIT;1
KY7701;PET COL RMCF;1
KE4126;FIREBIRD TT DN;1
KI4470;ADISTAR CONTROL 5;1
KS7449;3S TEE STR;1
KR7219;98 TEE;1
KD2914;FIREBIRD TP;1
KS9407;DAD CAP;1
KZ6834;ADISTAR MLD;1
KE4128;FIREBIRD TT DN;1
KH9562;ADISTAR CONTROL 5;1
KI4505;ADISTAR XLG 2.0;1
KZ6835;ADISTAR MLD;1
LA1822;ADISTAR CONTROL 5 MJ W;1
KZ9163;ADISTAR XLG 2.0 W;1
KK2904;ADISTAR XLG 2.0 W;1
KJ7895;ADISTAR XLG 2.0;1
KJ2285;ADISTAR CONTROL 5 W;1
LA1540;ADISTAR CONTROL 5 MJ W;1
KS6924;FIREBIRD PNT;1
KS7490;BB CAP;1
HY8044;SPACER PANT;1
IA4409;SEAMLESS TIGHT;1
IA4437;ESS KNIT PANT;1
IA4455;ESS CARDIGAN;1
KI7103;ADISTAR MLD W;1
KI9828;ADISTAR MLD W;1
KQ6469;WL PNT D;1
KQ6476;BARREL PNT D;1
KT4690;SST 2.0 C HOODY;1
KT4691;SST 2.0 C HOODY;1
KU9728;SEAMLESS TT;1
IA4436;ESS KNIT PANT;1
IA4454;ESS CARDIGAN;1
KI4155;ADISTAR MLD W;1
KK0962;ADISTAR MLD W;1
KQ6470;WL PNT D;1
KQ6475;BARREL PNT D;1
KR9176;SPACER PANT;1
KT1776;SST 2.0 C HOODY;1
KZ4109;SEAMLESS BRALET;1
KZ4126;SEAMLESS SHORTS;1
KQ6474;BARREL PNT D;1
IB6917;FB TT D;1
KD7972;SLEEVELESS TOP;1
KS7376;KNIT TEE;1
KS7448;3S TEE STR;1
KR9149;SPACER TT;1
KS4975;FIREBIRD SHRT;1
KS4970;DENIM FB TT;1
KD1498;FIREBIRD SHORT;1
IB6955;JEANS;1
KS4963;SST TT;1
KQ6492;FB TT D;1
KQ6487;3S SK D;1
KS7414;3S TEE;1
KR7031;REVER. FB TT ;1
KZ1150;HALFZIP;1
KY9263;BARREL PANTS;1
KX3898;PET JSY RMCF;1
KI4392;HYPERBOOST EDGE M;1
KI4406;HYPERBOOST EDGE W;1
KQ8647;adi365 HYBO J W;1
KQ8649;adi365 HYBO T M;1
KS6098;adi365 2in1 M;1
KS5871;ADI365 BRA W;1
HQ7711;HYPERBOOST RUN  W;1
KE8210;adi365 Sho W;1
KE8211;adi365 Sho M;1
KH8132;HYPERBOOST RUN M;1
KQ8645;adi365 HYBO T W;1
KY5654;adi365 HYB T UF;1
JW9081;ADI365 BRA W;1
KR8970;RUN COMFY CREW;1
JZ0505;RUN MES CAP CC;1
JZ0504;RUN MES CAP CC;1
KH6730;ADISTAR JELLYFISH;1
KH6729;ADISTAR JELLYFISH;1
